{"cameraMode":{"drawMode":0,"name":"Shaded","section":"Shading Mode"},"sceneLighting":true,"audioPlay":false,"sceneViewState":{"m_AlwaysRefresh":false,"showFog":true,"showSkybox":true,"showFlares":true,"showImageEffects":true,"showParticleSystems":true,"showVisualEffectGraphs":true,"m_FxEnabled":true},"in2DMode":false,"pivot":{"x":13.651540756225586,"y":-0.09231340885162354,"z":-0.1067734956741333},"rotation":{"x":-0.023416729643940927,"y":0.9328058958053589,"z":-0.35430994629859927,"w":-0.06165461614727974},"size":1.45917809009552,"orthographic":false}